frame_nmr,car_id,car_bbox,license_plate_bbox,license_plate_bbox_score,license_number,license_number_score
0,0,[0 0 0 0],[171.53402709960938 319.56622314453125 298.26739501953125 431.79437255859375],0.7123106122016907,168 BA,0.6668373326232344
1,1,[0 0 0 0],[511.1315002441406 0.0 640.0 39.29326629638672],0.28105291724205017,DOSOAP €,0.13309415582275547
